,oscar_winning_movies
0,The Father (2020 film)
1,Judas and the Black Messiah
2,Minari (film)
3,Mank
4,Sound of Metal
5,Ma Rainey's Black Bottom (film)
6,Promising Young Woman
7,Tenet (film)
8,Soul (2020 film)
9,Another Round (film)
10,My Octopus Teacher
11,Colette (2020 film)
12,If Anything Happens I Love You
13,Two Distant Strangers
14,Parasite (2019 film)
15,Ford v Ferrari
16,Learning to Skateboard in a Warzone (If You're a Girl)
17,The Neighbors' Window
18,Little Women (2019 film)
19,Marriage Story
20,Jojo Rabbit
21,Toy Story 4
22,Joker (2019 film)
23,Once Upon a Time in Hollywood
24,1917 (2019 film)
25,Judy (film)
26,Bombshell (2019 film)
27,Rocketman (film)
28,American Factory
29,Hair Love
30,Green Book (film)
31,Bohemian Rhapsody (film)
32,Roma (2018 film)
33,Black Panther (film)
34,The Favourite
35,A Star Is Born (2018 film)
36,Vice (2018 film)
37,BlacKkKlansman
38,First Man (film)
39,If Beale Street Could Talk (film)
40,Bao (film)
41,Free Solo
42,Period. End of Sentence.
43,Skin (2018 short film)
44,Spider-Man: Into the Spider-Verse
45,The Shape of Water
46,Dunkirk (2017 film)
47,"Three Billboards Outside Ebbing, Missouri"
48,Darkest Hour (film)
49,Blade Runner 2049
50,Coco (2017 film)
51,Phantom Thread
52,Call Me by Your Name (film)
53,Get Out
54,"I, Tonya"
55,Dear Basketball
56,A Fantastic Woman
57,Heaven Is a Traffic Jam on the 405
58,Icarus (2017 film)
59,The Silent Child
60,Flesh and Sand
61,
62,Moonlight (2016 film)
63,La La Land (film)
64,Hacksaw Ridge
65,Manchester by the Sea (film)
66,Arrival (film)
67,Fences (film)
68,Fantastic Beasts and Where to Find Them (film)
69,The Jungle Book (2016 film)
70,O.J.: Made in America
71,Piper (film)
72,The Salesman (2016 film)
73,Sing (2016 Hungarian film)
74,Suicide Squad (film)
75,The White Helmets (film)
76,Zootopia
77,Spotlight (film)
78,Mad Max: Fury Road
79,The Revenant (2015 film)
80,Bridge of Spies (film)
81,The Big Short (film)
82,The Danish Girl (film)
83,Room (2015 film)
84,The Hateful Eight
85,Ex Machina (film)
86,Inside Out (2015 film)
87,Amy (2015 film)
88,Bear Story
89,A Girl in the River: The Price of Forgiveness
90,Son of Saul
91,Spectre (2015 film)
92,Stutterer (film)
93,Birdman (film)
94,The Grand Budapest Hotel
95,Whiplash (2014 film)
96,The Imitation Game
97,American Sniper
98,Boyhood (film)
99,Interstellar (film)
100,The Theory of Everything (2014 film)
101,Ida (film)
102,Selma (film)
103,Citizenfour
104,Big Hero 6 (film)
105,Crisis Hotline: Veterans Press 1
106,The Phone Call (2013 film)
107,Still Alice
108,Feast (2014 film)
109,12 Years a Slave (film)
110,Gravity (2013 film)
111,Dallas Buyers Club
112,Frozen (2013 film)
113,The Great Gatsby (2013 film)
114,Her (film)
115,Blue Jasmine
116,Mr Hublot
117,The Lady in Number 6
118,Helium (film)
119,The Great Beauty
120,20 Feet from Stardom
121,Argo (2012 film)
122,Life of Pi (film)
123,Les Misérables (2012 film)
124,Lincoln (film)
125,Django Unchained
126,Skyfall
127,Silver Linings Playbook
128,Zero Dark Thirty
129,Amour (2012 film)
130,Anna Karenina (2012 film)
131,Paperman
132,Brave (2012 film)
133,Searching for Sugar Man
134,Inocente
135,Curfew (2012 film)
136,The Artist (film)
137,Hugo (film)
138,The Iron Lady (film)
139,The Descendants
140,The Girl with the Dragon Tattoo (2011 film)
141,Midnight in Paris
142,The Help (film)
143,A Separation
144,The Fantastic Flying Books of Mr. Morris Lessmore
145,The Shore (2011 film)
146,Undefeated (2011 film)
147,The Muppets (film)
148,Saving Face (2012 film)
149,Beginners
150,Rango (2011 film)
151,The King's Speech
152,Inception
153,The Social Network
154,The Fighter
155,Toy Story 3
156,Alice in Wonderland (2010 film)
157,Black Swan (film)
158,In a Better World
159,The Lost Thing
160,God of Love (film)
161,The Wolfman (2010 film)
162,Strangers No More
163,Inside Job (2010 film)
164,The Hurt Locker
165,Avatar (2009 film)
166,Precious (film)
167,Up (2009 film)
168,Crazy Heart
169,Inglourious Basterds
170,Star Trek (film)
171,The Young Victoria
172,The Blind Side (film)
173,Music by Prudence
174,The Secret in Their Eyes
175,The Cove (film)
176,The New Tenants
177,Logorama
178,Slumdog Millionaire
179,The Curious Case of Benjamin Button (film)
180,Milk (2008 American film)
181,The Dark Knight (film)
182,WALL-E
183,The Reader (2008 film)
184,The Duchess (film)
185,Departures (2008 film)
186,Vicky Cristina Barcelona
187,Smile Pinki
188,Man on Wire
189,Toyland (film)
190,La Maison en Petits Cubes
191,No Country for Old Men (film)
192,The Bourne Ultimatum (film)
193,There Will Be Blood
194,La Vie en rose (film)
195,Atonement (2007 film)
196,Michael Clayton (film)
197,Ratatouille (film)
198,Juno (film)
199,Sweeney Todd: The Demon Barber of Fleet Street (2007 film)
200,The Golden Compass (film)
201,Elizabeth: The Golden Age
202,Taxi to the Dark Side
203,Peter & the Wolf (2006 film)
204,Once (film)
205,Le Mozart des pickpockets
206,The Counterfeiters (2007 film)
207,Freeheld (2007 film)
208,The Departed
209,Pan's Labyrinth
210,Dreamgirls (film)
211,Little Miss Sunshine
212,An Inconvenient Truth
213,Babel (film)
214,The Queen (2006 film)
215,Letters from Iwo Jima
216,Pirates of the Caribbean: Dead Man's Chest
217,The Danish Poet
218,Happy Feet
219,The Last King of Scotland (film)
220,The Lives of Others
221,Marie Antoinette (2006 film)
222,West Bank Story
223,The Blood of Yingzhou District
224,Crash (2004 film)
225,Brokeback Mountain
226,Memoirs of a Geisha (film)
227,King Kong (2005 film)
228,Capote (film)
229,Walk the Line
230,The Constant Gardener (film)
231,"The Chronicles of Narnia: The Lion, the Witch and the Wardrobe"
232,Hustle & Flow
233,Syriana
234,March of the Penguins
235,Six Shooter (film)
236,The Moon and the Son: An Imagined Conversation
237,A Note of Triumph: The Golden Age of Norman Corwin
238,Tsotsi
239,Wallace & Gromit: The Curse of the Were-Rabbit
240,Million Dollar Baby
241,The Aviator (2004 film)
242,Ray (film)
243,The Incredibles
244,Finding Neverland (film)
245,Sideways
246,Lemony Snicket's A Series of Unfortunate Events
247,Spider-Man 2
248,Eternal Sunshine of the Spotless Mind
249,The Motorcycle Diaries (film)
250,The Sea Inside
251,Born into Brothels
252,Mighty Times: The Children's March
253,Wasp (2003 film)
254,Ryan (film)
255,The Lord of the Rings: The Return of the King
256,Master and Commander: The Far Side of the World
257,Mystic River (film)
258,Cold Mountain (film)
259,Lost in Translation (film)
260,Finding Nemo
261,The Barbarian Invasions
262,Two Soldiers (2003 film)
263,Monster (2003 film)
264,Harvie Krumpet
265,Chernobyl Heart
266,The Fog of War
267,Chicago (2002 film)
268,The Pianist (2002 film)
269,The Lord of the Rings: The Two Towers
270,Frida
271,The Hours (film)
272,Road to Perdition
273,Adaptation (film)
274,Talk to Her
275,This Charming Man (film)
276,Spirited Away
277,Nowhere in Africa
278,The ChubbChubbs!
279,Twin Towers (film)
280,Bowling for Columbine
281,8 Mile (film)
282,A Beautiful Mind (film)
283,The Lord of the Rings: The Fellowship of the Ring
284,Moulin Rouge!
285,Black Hawk Down (film)
286,Gosford Park
287,"Monsters, Inc."
288,Pearl Harbor (film)
289,Iris (2001 film)
290,Shrek
291,Training Day
292,Monster's Ball
293,Thoth (film)
294,For the Birds (film)
295,No Man's Land (2001 film)
296,Murder on a Sunday Morning
297,The Accountant (2001 film)
298,Gladiator (2000 film)
299,"Crouching Tiger, Hidden Dragon"
300,Traffic (2000 film)
301,Erin Brockovich (film)
302,Almost Famous
303,Wonder Boys (film)
304,How the Grinch Stole Christmas (2000 film)
305,U-571 (film)
306,Pollock (film)
307,Father and Daughter (film)
308,Into the Arms of Strangers: Stories of the Kindertransport
309,Quiero ser (I want to be...)
310,Big Mama (film)
311,American Beauty (1999 film)
312,The Matrix
313,The Cider House Rules (film)
314,Topsy-Turvy
315,Sleepy Hollow (film)
316,Boys Don't Cry (1999 film)
317,Tarzan (1999 film)
318,One Day in September
319,The Red Violin
320,The Old Man and the Sea (1999 film)
321,My Mother Dreams the Satan's Disciples in New York
322,King Gimp
323,"Girl, Interrupted (film)"
324,All About My Mother
325,Shakespeare in Love
326,Saving Private Ryan
327,Life Is Beautiful
328,Elizabeth (film)
329,Gods and Monsters (film)
330,The Prince of Egypt
331,Affliction (1997 film)
332,What Dreams May Come (film)
333,The Personals: Improvisations on Romance in the Golden Years
334,The Last Days
335,Election Night (1998 film)
336,Bunny (1998 film)
337,Titanic (1997 film)
338,Good Will Hunting
339,L.A. Confidential (film)
340,As Good as It Gets
341,The Full Monty
342,Men in Black (1997 film)
343,Visas and Virtue
344,Character (film)
345,Geri's Game
346,A Story of Healing
347,The Long Way Home (1997 film)
348,The English Patient (film)
349,Fargo (1996 film)
350,Shine (film)
351,Evita (1996 film)
352,Jerry Maguire
353,Independence Day (1996 film)
354,Emma (1996 theatrical film)
355,Sling Blade (film)
356,The Ghost and the Darkness
357,Kolya
358,The Nutty Professor (1996 film)
359,Quest (1996 film)
360,When We Were Kings
361,Breathing Lessons: The Life and Work of Mark O'Brien
362,Dear Diary (1996 film)
363,Braveheart
364,Apollo 13 (film)
365,Pocahontas (1995 film)
366,The Usual Suspects
367,Restoration (1995 film)
368,Babe (film)
369,Sense and Sensibility (film)
370,Il Postino: The Postman
371,Dead Man Walking (film)
372,Leaving Las Vegas
373,Mighty Aphrodite
374,Anne Frank Remembered
375,A Close Shave
376,Lieberman in Love
377,One Survivor Remembers
378,Antonia's Line
379,Toy Story
380,Forrest Gump
381,The Lion King
382,Speed (1994 film)
383,Ed Wood (film)
384,Pulp Fiction
385,Bullets over Broadway
386,The Madness of King George
387,Legends of the Fall
388,A Time for Justice
389,Franz Kafka's It's a Wonderful Life
390,Maya Lin: A Strong Clear Vision
391,Burnt by the Sun
392,Trevor (film)
393,"The Adventures of Priscilla, Queen of the Desert"
394,Bob's Birthday
395,Blue Sky (1994 film)
396,Schindler's List
397,The Piano
398,Jurassic Park (film)
399,Philadelphia (film)
400,The Fugitive (1993 film)
401,The Age of Innocence (1993 film)
402,The Wrong Trousers
403,Belle Epoque (film)
404,I Am a Promise: The Children of Stanton Elementary School
405,Mrs. Doubtfire
406,Schwarzfahrer
407,Defending Our Lives
408,Unforgiven
409,Howards End (film)
410,Bram Stoker's Dracula (1992 film)
411,Aladdin (1992 Disney film)
412,The Crying Game
413,Scent of a Woman (1992 film)
414,A River Runs Through It (film)
415,Indochine (film)
416,My Cousin Vinny
417,The Panama Deception
418,Educating Peter
419,The Last of the Mohicans (1992 film)
420,Death Becomes Her
421,Omnibus (film)
422,Mona Lisa Descending a Staircase
423,The Silence of the Lambs (film)
424,Terminator 2: Judgment Day
425,Bugsy
426,JFK (film)
427,Beauty and the Beast (1991 film)
428,Thelma & Louise
429,The Fisher King
430,In the Shadow of the Stars
431,Manipulation (film)
432,Mediterraneo
433,Session Man (film)
434,City Slickers
435,"Deadly Deception: General Electric, Nuclear Weapons and Our Environment"
436,Dances with Wolves
437,Dick Tracy (1990 film)
438,Ghost (1990 film)
439,Goodfellas
440,The Hunt for Red October (film)
441,Reversal of Fortune
442,Cyrano de Bergerac (1990 film)
443,American Dream (film)
444,Journey of Hope (film)
445,Days of Waiting: The Life & Art of Estelle Ishigo
446,Creature Comforts
447,The Lunch Date
448,Misery (film)
449,Total Recall (1990 film)
450,Driving Miss Daisy
451,Glory (1989 film)
452,Born on the Fourth of July (film)
453,My Left Foot
454,The Little Mermaid (1989 film)
455,Dead Poets Society
456,The Abyss
457,Indiana Jones and the Last Crusade
458,Henry V (1989 film)
459,The Johnstown Flood (1989 film)
460,Common Threads: Stories from the Quilt
461,Cinema Paradiso
462,Work Experience (film)
463,Batman (1989 film)
464,Balance (1989 film)
465,Rain Man
466,Dangerous Liaisons
467,Who Framed Roger Rabbit
468,Mississippi Burning
469,Working Girl
470,The Accidental Tourist (film)
471,A Fish Called Wanda
472,Pelle the Conqueror
473,The Accused (1988 film)
474,The Appointments of Dennis Jennings
475,Beetlejuice
476,Bird (1988 film)
477,Hôtel Terminus: The Life and Times of Klaus Barbie
478,The Milagro Beanfield War
479,Tin Toy
480,You Don't Have to Die
481,The Last Emperor
482,Moonstruck
483,The Untouchables (film)
484,Babette's Feast
485,Dirty Dancing
486,Harry and the Hendersons
487,Innerspace
488,The Man Who Planted Trees (film)
489,Ray's Male Heterosexual Dance Hall
490,The Ten-Year Lunch
491,Wall Street (1987 film)
492,Young at Heart (1987 film)
493,RoboCop
494,Platoon (film)
495,A Room with a View (1985 film)
496,Hannah and Her Sisters
497,Aliens (film)
498,The Mission (1986 film)
499,Children of a Lesser God (film)
500,The Color of Money
501,Top Gun
502,Round Midnight (film)
503,Artie Shaw: Time Is All You've Got
504,The Assault (1986 film)
505,Down and Out in America
506,The Fly (1986 film)
507,A Greek Tragedy
508,Precious Images
509,"Women – for America, for the World"
510,Out of Africa (film)
511,Witness (1985 film)
512,Cocoon (film)
513,Prizzi's Honor
514,Back to the Future
515,Kiss of the Spider Woman (film)
516,Ran (film)
517,The Official Story
518,The Trip to Bountiful
519,White Nights (1985 film)
520,Anna & Bella
521,Broken Rainbow (film)
522,Mask (1985 film)
523,Molly's Pilgrim
524,Witness to War: Dr. Charlie Clements
525,Amadeus (film)
526,The Killing Fields (film)
527,A Passage to India (film)
528,Places in the Heart
529,Indiana Jones and the Temple of Doom
530,Charade (1984 film)
531,Dangerous Moves
532,Purple Rain (film)
533,The Stone Carvers (film)
534,The Times of Harvey Milk
535,Up (1984 film)
536,The Woman in Red (1984 film)
537,The River (1984 film)
538,Terms of Endearment
539,The Right Stuff (film)
540,Fanny and Alexander
541,Tender Mercies
542,Yentl (film)
543,Flashdance
544,Boys and Girls (1983 film)
545,Flamenco at 5:15
546,He Makes Me Feel Like Dancin'
547,Sundae in New York
548,The Year of Living Dangerously (film)
549,Return of the Jedi
550,Gandhi (film)
551,E.T. the Extra-Terrestrial
552,An Officer and a Gentleman
553,Tootsie
554,Victor/Victoria
555,Sophie's Choice (film)
556,Missing (1982 film)
557,If You Love This Planet
558,Just Another Missing Kid
559,
560,A Shocking Accident
561,Tango (1981 film)
562,Begin the Beguine (film)
563,Quest for Fire (film)
564,Chariots of Fire
565,Raiders of the Lost Ark
566,Reds (film)
567,On Golden Pond (1981 film)
568,Arthur (1981 film)
569,An American Werewolf in London
570,Close Harmony (1981 film)
571,Crac
572,Genocide (1981 film)
573,Mephisto (1981 film)
574,Violet (1981 film)
575,Ordinary People
576,Tess (1979 film)
577,Raging Bull
578,Fame (1980 film)
579,Melvin and Howard
580,Coal Miner's Daughter (film)
581,The Empire Strikes Back
582,The Dollar Bottom
583,The Fly (1980 film)
584,From Mao to Mozart: Isaac Stern in China
585,Karl Hess: Toward Liberty
586,Moscow Does Not Believe in Tears
587,Kramer vs. Kramer
588,All That Jazz (film)
589,Apocalypse Now
590,Norma Rae
591,Breaking Away
592,Alien (film)
593,Being There
594,A Little Romance
595,Best Boy (film)
596,Board and Care
597,Every Child (film)
598,Paul Robeson: Tribute to an Artist
599,The Tin Drum (film)
600,The Black Stallion (film)
601,The Deer Hunter
602,Coming Home (1978 film)
603,Midnight Express (film)
604,Heaven Can Wait (1978 film)
605,Days of Heaven
606,California Suite (film)
607,The Buddy Holly Story
608,Death on the Nile (1978 film)
609,The Flight of the Gossamer Condor
610,Get Out Your Handkerchiefs
611,Scared Straight!
612,Special Delivery (1978 film)
613,Teenage Father
614,Thank God It's Friday (film)
615,Superman (1978 film)
616,Annie Hall
617,Star Wars (film)
618,Julia (1977 film)
619,Close Encounters of the Third Kind
620,The Goodbye Girl
621,A Little Night Music (film)
622,Gravity Is My Enemy
623,I'll Find a Way
624,Madame Rosa
625,The Sand Castle (film)
626,Who Are the DeBolts? And Where Did They Get Nineteen Kids?
627,You Light Up My Life (film)
628,Rocky
629,Network (1976 film)
630,All the President's Men (film)
631,Bound for Glory (1976 film)
632,A Star Is Born (1976 film)
633,Fellini's Casanova
634,The Omen
635,Black and White in Color
636,"Harlan County, USA"
637,In the Region of Ice
638,Leisure (film)
639,Number Our Days
640,King Kong (1976 film)
641,Logan's Run (film)
642,One Flew Over the Cuckoo's Nest (film)
643,Barry Lyndon
644,Jaws (film)
645,Dog Day Afternoon
646,Nashville (film)
647,Shampoo (film)
648,The Sunshine Boys (1975 film)
649,Angel and Big Joe
650,Dersu Uzala (1975 film)
651,The End of the Game (1975 film)
652,Great (1975 film)
653,The Man Who Skied Down Everest
654,The Hindenburg (film)
655,The Godfather Part II
656,The Towering Inferno
657,The Great Gatsby (1974 film)
658,Chinatown (1974 film)
659,Murder on the Orient Express (1974 film)
660,Earthquake (1974 film)
661,Alice Doesn't Live Here Anymore
662,Amarcord
663,
664,Harry and Tonto
665,Closed Mondays
666,Don't (1974 film)
667,Hearts and Minds (film)
668,One-Eyed Men Are Kings
669,The Sting
670,The Exorcist (film)
671,The Way We Were
672,Cries and Whispers
673,A Touch of Class (film)
674,Day for Night (film)
675,Paper Moon (film)
676,The Paper Chase (film)
677,Save the Tiger
678,The Bolero
679,Frank Film
680,The Great American Cowboy
681,Princeton: A Search for Answers
682,The Godfather
683,
684,Cabaret (1972 film)
685,The Poseidon Adventure (1972 film)
686,Travels with My Aunt (film)
687,Butterflies Are Free
688,The Candidate (1972 film)
689,The Discreet Charm of the Bourgeoisie
690,A Christmas Carol (1971 film)
691,
692,Limelight (1952 film)
693,
694,Marjoe
695,Norman Rockwell's World... An American Dream
696,This Tiny World
697,The French Connection (film)
698,Fiddler on the Roof (film)
699,The Last Picture Show
700,Nicholas and Alexandra
701,Sentinels of Silence
702,Bedknobs and Broomsticks
703,Summer of '42
704,The Garden of the Finzi-Continis (film)
705,The Hospital
706,Klute
707,Shaft (1971 film)
708,The Crunch Bird
709,The Hellstrom Chronicle
710,Patton (film)
711,Ryan's Daughter
712,Airport (1970 film)
713,Love Story (1970 film)
714,MASH (film)
715,Tora! Tora! Tora!
716,Women in Love (film)
717,Lovers and Other Strangers
718,Woodstock (film)
719,Cromwell (film)
720,Investigation of a Citizen Above Suspicion
721,Interviews with My Lai Veterans
722,Is It Always Right to Be Right?
723,Let It Be (1970 film)
724,The Resurrection of Broncho Billy
725,Midnight Cowboy
726,Butch Cassidy and the Sundance Kid
727,"Hello, Dolly! (film)"
728,Z (1969 film)
729,Anne of the Thousand Days
730,"They Shoot Horses, Don't They? (film)"
731,Marooned (1969 film)
732,The Magic Machines
733,The Prime of Miss Jean Brodie (film)
734,True Grit (1969 film)
735,Arthur Rubinstein – The Love of Life
736,Cactus Flower (film)
737,Czechoslovakia 1968
738,It's Tough to Be a Bird
739,Oliver! (film)
740,The Lion in Winter (1968 film)
741,Romeo and Juliet (1968 film)
742,Funny Girl (film)
743,2001: A Space Odyssey (film)
744,Bullitt
745,The Producers (1967 film)
746,Rosemary's Baby (film)
747,The Subject Was Roses (film)
748,The Thomas Crown Affair (1968 film)
749,War and Peace (film series)
750,Charly
751,Journey into Self (1968 film)
752,Robert Kennedy Remembered
753,Why Man Creates
754,Winnie the Pooh and the Blustery Day
755,Planet of the Apes (1968 film)
756,In the Heat of the Night (film)
757,Camelot (film)
758,Bonnie and Clyde (film)
759,Guess Who's Coming to Dinner
760,Doctor Dolittle (1967 film)
761,The Graduate
762,Thoroughly Modern Millie
763,Cool Hand Luke
764,The Dirty Dozen
765,A Place to Stand (film)
766,The Anderson Platoon
767,The Box (1967 film)
768,Closely Watched Trains
769,The Redwoods
770,A Man for All Seasons (1966 film)
771,Who's Afraid of Virginia Woolf? (film)
772,Grand Prix (1966 film)
773,Fantastic Voyage
774,A Man and a Woman
775,Born Free
776,The Fortune Cookie
777,A Funny Thing Happened on the Way to the Forum (film)
778,A Herb Alpert and the Tijuana Brass Double Feature
779,The War Game
780,Wild Wings
781,A Year Toward Tomorrow
782,The Sound of Music (film)
783,Doctor Zhivago (film)
784,Darling (1965 film)
785,Ship of Fools (film)
786,Cat Ballou
787,The Great Race
788,A Patch of Blue
789,A Thousand Clowns
790,The Shop on Main Street
791,The Sandpiper
792,The Eleanor Roosevelt Story
793,To Be Alive!
794,7 Faces of Dr. Lao
795,7th Heaven (1927 film)
796,"20,000 Leagues Under the Sea (1954 film)"
797,Adventures of Don Juan
798,The Adventures of Robin Hood
799,The African Queen (film)
800,Air Force (film)
801,The Alamo (1960 film)
802,The Alaskan Eskimo
803,Albert Schweitzer (film)
804,Alexander's Ragtime Band (film)
805,All About Eve
806,All Quiet on the Western Front (1930 film)
807,The Devil and Daniel Webster (film)
808,All the King's Men (1949 film)
809,Ama Girls
810,America America
811,An American in Paris (film)
812,Amphibious Fighters
813,Anastasia (1956 film)
814,Anchors Aweigh (film)
815,Anna and the King of Siam (film)
816,Annie Get Your Gun (film)
817,Anthony Adverse
818,The Apartment
819,Aquatic House Party
820,"Arise, My Love"
821,Around the World in 80 Days (1956 film)
822,The Awful Truth
823,The Bachelor and the Bobby-Soxer
824,The Bad and the Beautiful
825,Bad Girl (1931 film)
826,The Barefoot Contessa
827,The Battle of Midway (film)
828,Battleground (film)
829,Bear Country (film)
830,Becket (1964 film)
831,The Bells of St. Mary's
832,Ben-Hur (1959 film)
833,Benjy (film)
834,The Bespoke Overcoat
835,The Best Years of Our Lives
836,Beyond the Line of Duty
837,Bicycle Thieves
838,The Big Broadcast of 1938
839,The Big Country
840,The Big House (1930 film)
841,Bill and Coo
842,Birds Anonymous
843,The Bishop's Wife
844,Black Fox: The Rise and Fall of Adolf Hitler
845,Black Narcissus
846,Black Orpheus
847,The Black Swan (film)
848,Blithe Spirit (1945 film)
849,Blood and Sand (1941 film)
850,Blood on the Sun
851,Blossoms in the Dust
852,Body and Soul (1947 film)
853,Bored of Education
854,Born Yesterday (1950 film)
855,A Boy and His Dog (1946 film)
856,Boys Town (film)
857,The Brave One (1956 film)
858,Breakfast at Tiffany's (film)
859,The Sound Barrier
860,The Bridge of San Luis Rey (1929 film)
861,The Bridge on the River Kwai
862,The Bridges at Toko-Ri
863,Broadway Melody of 1936
864,The Broadway Melody
865,Broken Lance
866,Busy Little Bears
867,BUtterfield 8
868,Calamity Jane (film)
869,Call Me Madam (film)
870,"Captain Carey, U.S.A."
871,Captains Courageous (1937 film)
872,Casablanca (film)
873,Casals Conducts: 1964
874,The Cat Concerto
875,Cavalcade (1933 film)
876,Chagall (film)
877,The Champ (1931 film)
878,Champion (1949 film)
879,A Chance to Live
880,The Charge of the Light Brigade (1936 film)
881,The Chicken (film)
882,Churchill's Island
883,Cimarron (1931 film)
884,The Circus (1928 film)
885,Citizen Kane
886,City of Wax
887,Cleopatra (1934 film)
888,Cleopatra (1963 film)
889,Climbing the Matterhorn
890,Come and Get It (1936 film)
891,"Come Back, Little Sheba (1952 film)"
892,Coquette (film)
893,The Country Cousin
894,The Country Girl (1954 film)
895,Cover Girl (film)
896,The Cowboy and the Lady (1938 film)
897,Crash Dive
898,Crashing the Water Barrier
899,The Critic (film)
900,La Cucaracha (1934 film)
901,Cyrano de Bergerac (1950 film)
902,A Damsel in Distress (1937 film)
903,Dangerous (1935 film)
904,The Dark Angel (1935 film)
905,The Dawn Patrol (1930 film)
906,Day of the Painter
907,Daybreak in Udi
908,Days of Wine and Roses (film)
909,December 7th: The Movie
910,Declaration of Independence (film)
911,The Defiant Ones
912,Der Fuehrer's Face
913,Desert Victory
914,Design for Death
915,Designing Woman
916,Destination Moon (film)
917,The Diary of Anne Frank (1959 film)
918,Disraeli (1929 film)
919,The Divine Lady
920,Divorce Italian Style
921,The Divorcee
922,Dodsworth (film)
923,The Dot and the Line
924,A Double Life (1947 film)
925,The Dove (1927 film)
926,Dr. Jekyll and Mr. Hyde (1931 film)
927,Dumbo
928,Dylan Thomas (film)
929,East of Eden (film)
930,Easter Parade (film)
931,Elmer Gantry (film)
932,The Enemy Below
933,Eskimo (film)
934,Exodus (1960 film)
935,The Face of Lincoln
936,Facing Your Danger
937,The Facts of Life (film)
938,Fantasia (1940 film)
939,A Farewell to Arms (1932 film)
940,The Farmer's Daughter (1947 film)
941,Father Goose (film)
942,8½
943,Ferdinand the Bull (film)
944,The Fighting Lady
945,First Steps (1947 film)
946,Flowers and Trees
947,Folies Bergère de Paris
948,For Scent-imental Reasons
949,For Whom the Bell Tolls (film)
950,Forbidden Games
951,A Free Soul
952,Frenchman's Creek (film)
953,From Here to Eternity
954,The Garden of Allah (1936 film)
955,Gaslight (1944 film)
956,Gate of Hell (film)
957,The Gay Divorcee
958,Gentleman's Agreement
959,Gerald McBoing-Boing
960,Giant (1956 film)
961,Gigi (1958 film)
962,Giuseppina
963,Give Me Liberty (1936 film)
964,Glass (1958 film)
965,The Glenn Miller Story
966,Going My Way
967,Gold Diggers of 1935
968,The Golden Fish (film)
969,Goldfinger (film)
970,Gone with the Wind (film)
971,The Good Earth (film)
972,"Goodbye, Miss Turlock"
973,"Goodbye, Mr. Chips (1939 film)"
974,Grand Canyon (1958 film)
975,Grand Hotel (1932 film)
976,Grandad of Races
977,The Grapes of Wrath (film)
978,The Great Caruso
979,Great Expectations (1946 film)
980,The Great Lie
981,The Great McGinty
982,The Great Waltz (1938 film)
983,The Great Ziegfeld
984,The Greatest Show on Earth (film)
985,Green Dolphin Street (film)
986,The Guns of Navarone (film)
987,Hamlet (1948 film)
988,Heureux Anniversaire
989,Harvey (1950 film)
990,The Harvey Girls
991,Heavenly Music
992,The Heiress
993,Helen Keller in Her Story
994,"Hello, Frisco, Hello"
995,Henry V (1944 film)
996,Here Comes Mr. Jordan
997,Here Comes the Groom
998,The High and the Mighty (film)
999,High Noon
1000,Hitler Lives
1001,A Hole in the Head
1002,The Hole (1962 film)
1003,Holiday Inn (film)
1004,The Horse with the Flying Tail
1005,The House I Live In (1945 film)
1006,The House on 92nd Street
1007,How Green Was My Valley (film)
1008,How the West Was Won (film)
1009,How to Sleep
1010,Hud (1963 film)
1011,The Human Comedy (film)
1012,The Hurricane (1937 film)
1013,The Hustler (film)
1014,I Want to Live!
1015,I Wanted Wings
1016,I Won't Play
1017,I'll Cry Tomorrow
1018,In Beaver Valley
1019,In Old Arizona
1020,In Old Chicago
1021,In Which We Serve
1022,The Informer (1935 film)
1023,Interrupted Melody
1024,49th Parallel (film)
1025,Irma la Douce
1026,It Happened One Night
1027,"It's a Mad, Mad, Mad, Mad World"
1028,The Jazz Singer
1029,Jezebel (1938 film)
1030,Joan of Arc (1948 film)
1031,Johann Mouse
1032,Johnny Belinda (1948 film)
1033,Johnny Eager
1034,The Joker Is Wild
1035,The Jolson Story
1036,Judgment at Nuremberg
1037,Julius Caesar (1953 film)
1038,Kentucky (film)
1039,Key Largo (film)
1040,The King and I (1956 film)
1041,King of Jazz
1042,King Solomon's Mines (1950 film)
1043,Kitty Foyle (film)
1044,Knighty Knight Bugs
1045,Kokoda Front Line!
1046,Kon-Tiki (1950 film)
1047,Krakatoa (film)
1048,Kukan
1049,La Strada
1050,La Dolce Vita
1051,Lady Be Good (1941 film)
1052,The Last Command (1928 film)
1053,Laura (1944 film)
1054,The Lavender Hill Mob
1055,Lawrence of Arabia (film)
1056,Leave Her to Heaven
1057,Lend a Paw
1058,Les Girls
1059,A Letter to Three Wives
1060,The Life of Emile Zola
1061,Light in the Window
1062,Lili
1063,Lilies of the Field (1963 film)
1064,The Kidnappers
1065,The Little Orphan
1066,Little Women (1933 film)
1067,Little Women (1949 film)
1068,The Lives of a Bengal Lancer (film)
1069,The Living Desert
1070,The Longest Day (film)
1071,Lost Horizon (1937 film)
1072,The Lost Weekend (film)
1073,Love Is a Many-Splendored Thing (film)
1074,Love Me or Leave Me (film)
1075,Lust for Life (1956 film)
1076,Magoo's Puddle Jumper
1077,Main Street on the March!
1078,The Man Who Knew Too Much (1956 film)
1079,Manhattan Melodrama
1080,Marie-Louise (film)
1081,Marty (film)
1082,Mary Poppins (film)
1083,Men Against the Arctic
1084,The Merry Widow (1934 film)
1085,A Midsummer Night's Dream (1935 film)
1086,
1087,Mighty Joe Young (1949 film)
1088,Mildred Pierce (film)
1089,The Milky Way (1940 film)
1090,Min and Bill
1091,Miracle on 34th Street
1092,The Miracle Worker (1962 film)
1093,Mister Roberts (1955 film)
1094,Monsieur Vincent
1095,Moonbird
1096,The More the Merrier
1097,Morning Glory (1933 film)
1098,Moscow Strikes Back
1099,Mother Wore Tights
1100,Moulin Rouge (1952 film)
1101,Mouse Trouble
1102,Mr. Deeds Goes to Town
1103,Mr. Smith Goes to Washington
1104,Mrs. Miniver
1105,Munro (film)
1106,The Music Box
1107,The Music Man (1962 film)
1108,Mutiny on the Bounty (1935 film)
1109,My Fair Lady (film)
1110,Mon Oncle
1111,My Gal Sal
1112,The Naked City
1113,National Velvet (film)
1114,Nature's Half Acre
1115,Naughty Marietta (film)
1116,Neighbours (1952 film)
1117,Neptune's Daughter (1949 film)
1118,Never on Sunday
1119,The Night of the Iguana (film)
1120,Nights of Cabiria
1121,Nine from Little Rock
1122,None but the Lonely Heart (film)
1123,North West Mounted Police (film)
1124,"Now, Voyager"
1125,An Occurrence at Owl Creek Bridge (film)
1126,
1127,Of Pups and Puzzles
1128,Oklahoma! (1955 film)
1129,The Old Man and the Sea (1958 film)
1130,The Old Mill
1131,On the Town (film)
1132,On the Waterfront
1133,One Hundred Men and a Girl
1134,One Night of Love
1135,One Way Passage
1136,Overture to The Merry Wives of Windsor
1137,The Paleface (1948 film)
1138,Panic in the Streets (film)
1139,Papa's Delicate Condition
1140,The Patriot (1928 film)
1141,Penny Wisdom
1142,Phantom of the Opera (1943 film)
1143,The Philadelphia Story (film)
1144,Picnic (1955 film)
1145,The Picture of Dorian Gray (1945 film)
1146,Pillow Talk (film)
1147,The Pink Phink
1148,Pinocchio (1940 film)
1149,A Place in the Sun (1951 film)
1150,Plymouth Adventure
1151,Pollyanna (1960 film)
1152,Porgy and Bess (film)
1153,Portrait of Jennie
1154,Prelude to War
1155,Pride and Prejudice (1940 film)
1156,The Pride of the Yankees
1157,Princess O'Rourke
1158,The Private Life of Henry VIII
1159,The Private Life of the Gannets
1160,Project Hope (film)
1161,The Public Pays
1162,Pygmalion (1938 film)
1163,Quicker'n a Wink
1164,The Quiet Man
1165,Quiet Please!
1166,The Rains Came
1167,
1168,Rashomon
1169,The Razor's Edge (1946 film)
1170,Reap the Wild Wind
1171,Rebecca (1940 film)
1172,The Red Balloon
1173,The Red Shoes (1948 film)
1174,The Robe (film)
1175,Robert Frost: A Lover's Quarrel with the World
1176,Roman Holiday
1177,Room at the Top (1959 film)
1178,The Rose Tattoo (film)
1179,Sabrina (1954 film)
1180,Samson and Delilah (1949 film)
1181,Samurai I: Musashi Miyamoto
1182,San Francisco (1936 film)
1183,Sayonara
1184,The Scoundrel (1935 film)
1185,The Sea Around Us (film)
1186,Seal Island (film)
1187,The Search
1188,Seawards the Great Ships
1189,The Secret Land
1190,Seeds of Destiny
1191,Separate Tables (film)
1192,Serengeti Shall Not Die
1193,Sergeant York (film)
1194,Seven Brides for Seven Brothers
1195,Seven Days to Noon
1196,The Seventh Veil
1197,Shane (film)
1198,Shanghai Express (film)
1199,She Wore a Yellow Ribbon
1200,Shoeshine (film)
1201,The Silent World
1202,The Sin of Madelon Claudet
1203,Since You Went Away
1204,Skippy (film)
1205,Sky Above and Mud Beneath
1206,The Snake Pit
1207,Snow White and the Seven Dwarfs (1937 film)
1208,So Much for So Little
1209,So This Is Harris!
1210,The Solid Gold Cadillac
1211,Some Like It Hot
1212,Somebody Up There Likes Me (1956 film)
1213,The Song of Bernadette (film)
1214,Song of the South
1215,Song Without End
1216,Sons and Lovers (film)
1217,Sons of Liberty (film)
1218,South Pacific (1958 film)
1219,Spartacus (film)
1220,Spawn of the North
1221,Speaking of Animals and Their Families
1222,Speedy Gonzales (film)
1223,Spellbound (1945 film)
1224,Splendor in the Grass
1225,Stagecoach (1939 film)
1226,Stairway to Light
1227,Stalag 17
1228,Star in the Night
1229,A Star Is Born (1937 film)
1230,State Fair (1945 film)
1231,The Story of Louis Pasteur
1232,The Stratton Story
1233,Street Angel (1928 film)
1234,A Streetcar Named Desire (1951 film)
1235,Strike Up the Band (film)
1236,Surogat
1237,Sundays and Cybele
1238,Sunrise: A Song of Two Humans
1239,
1240,Sunset Boulevard (film)
1241,Survival City
1242,Suspicion (1941 film)
1243,Sweet Bird of Youth (1962 film)
1244,Sweethearts (1938 film)
1245,Swing Time (film)
1246,Symphony of a City
1247,Tabu: A Story of the South Seas
1248,Target for Tonight
1249,"Teddy, the Rough Rider"
1250,Tempest (1928 film)
1251,The Ten Commandments (1956 film)
1252,That Hamilton Woman
1253,That Mothers Might Live
1254,The Thief of Bagdad (1940 film)
1255,The Third Man
1256,Thirty Seconds Over Tokyo
1257,This Above All (film)
1258,This Is the Army
1259,This Land Is Mine (film)
1260,This Mechanical Age
1261,Three Coins in the Fountain (film)
1262,The Three Faces of Eve
1263,Three Little Pigs (film)
1264,Three Orphan Kittens
1265,Through a Glass Darkly (film)
1266,Thunderball (film)
1267,Thursday's Children
1268,The Time Machine (1960 film)
1269,A Time Out of War
1270,Tin Pan Alley (film)
1271,The Titan: Story of Michelangelo
1272,Titanic (1953 film)
1273,To Catch a Thief
1274,To Each His Own (film)
1275,To Kill a Mockingbird (film)
1276,Tom Jones (1963 film)
1277,Tom Thumb (film)
1278,"Toot, Whistle, Plunk and Boom"
1279,Topkapi (film)
1280,The Tortoise and the Hare (film)
1281,Torture Money
1282,Toward Independence
1283,Transatlantic (1931 film)
1284,The Treasure of the Sierra Madre (film)
1285,A Tree Grows in Brooklyn (1945 film)
1286,The True Glory
1287,The True Story of the Civil War
1288,Tweetie Pie
1289,Twelve O'Clock High
1290,Two Arabian Knights
1291,The Two Mouseketeers
1292,Two Women
1293,The Ugly Duckling (1939 film)
1294,Underworld (1927 film)
1295,The V.I.P.s (film)
1296,Perfect Strangers (1945 film)
1297,Van Gogh (1948 film)
1298,The Vanishing Prairie
1299,The Virgin Spring
1300,Viva Villa!
1301,Viva Zapata!
1302,Waikiki Wedding
1303,The Walls of Malapaga
1304,The War of the Worlds (1953 film)
1305,Watch on the Rhine
1306,Water Birds
1307,The Way of All Flesh (1927 film)
1308,West Side Story (1961 film)
1309,The Westerner (1940 film)
1310,The Wetback Hound
1311,What Ever Happened to Baby Jane? (1962 film)
1312,When Tomorrow Comes (film)
1313,When Magoo Flew
1314,When Worlds Collide (1951 film)
1315,White Shadows in the South Seas
1316,White Wilderness (film)
1317,Who's Who in Animal Land
1318,Why Korea?
1319,Wilson (1944 film)
1320,Wings (1927 film)
1321,Wings Over Everest
1322,With a Song in My Heart (film)
1323,With Byrd at the South Pole
1324,With the Marines at Tarawa
1325,The Wizard of Oz (1939 film)
1326,
1327,Woman of the Year
1328,Wonder Man (film)
1329,The Wonderful World of the Brothers Grimm
1330,World of Kids
1331,World Without Sun
1332,Wrestling Swordfish
1333,Written on the Wind
1334,Wuthering Heights (1939 film)
1335,Yankee Doodle Dandy
1336,The Yankee Doodle Mouse
1337,The Yearling (1946 film)
1338,"Yesterday, Today and Tomorrow"
1339,You Can't Take It with You (film)
1340,Zorba the Greek (film)
